12,Vòng đeo tay chữ Phúc,350000.0,90
27,Vòng trầm rừng charm Thần Tài,900000.0,50
3,Lắc Trầm charm Thần Tài,500000.0,75
14,Vòng Tourmaline Tỳ Hưu Thiên Lộc,1000000.0,10
50,Vòng Thần Tài Phát Lộc,475000.0,10
36,Vòng trầm hương phong thủy,600000.0,50
92,Vòng chỉ đỏ một hạt trầm hương,150000.0,10
1002,Vòng tay cầu duyên chùa Hà,600000.0,15
92651,Lắc tay đá Tourmaline,850000.0,10
0,Vòng thạch anh,500000.0,90
0,Bình nước,150000.0,70
868518,chai nước,200000.0,20
755983,hhaha,900000.0,56
396165,ậhdgak,200000.0,34
111548,frefvwve,299900.0,34
198134,hshaak,450000.0,90
956966,jajdhsj,150000.0,45
